{"start": 88785.516917864, "trial_0": {"trialStart": 88798.424625436, "stimOnset": {"estimated": 0.5, "true": 0.505520209}, "stimOffset": {"estimated": 0.7, "true": 0.700912474}, "maskOffset": {"estimated": 0.85, "true": 0.846443038}}, "trial_1": {"trialStart": 88801.406265397, "stimOnset": {"estimated": 0.5, "true": 0.496227162}, "stimOffset": {"estimated": 0.54, "true": 0.545378828}, "maskOffset": {"estimated": 0.69, "true": 0.689862198}}, "trial_2": {"trialStart": 88803.702717441, "stimOnset": {"estimated": 0.5, "true": 0.50734288}, "stimOffset": {"estimated": 0.54, "true": 0.53912895}, "maskOffset": {"estimated": 0.69, "true": 0.685211806}}, "trial_3": {"trialStart": 88806.255350204, "stimOnset": {"estimated": 0.5, "true": 0.493296539}, "stimOffset": {"estimated": 0.54, "true": 0.541257031}, "maskOffset": {"estimated": 0.69, "true": 0.687360588}}, "trial_4": {"trialStart": 88808.808839458, "stimOnset": {"estimated": 0.5, "true": 0.496287609}, "stimOffset": {"estimated": 0.54, "true": 0.544673458}, "maskOffset": {"estimated": 0.69, "true": 0.690863232}}, "trial_5": {"trialStart": 88812.526368452, "stimOnset": {"estimated": 0.5, "true": 0.498702096}, "stimOffset": {"estimated": 0.7, "true": 0.694546897}, "maskOffset": {"estimated": 0.85, "true": 0.841965178}}, "trial_6": {"trialStart": 88815.457570124, "stimOnset": {"estimated": 0.5, "true": 0.498806662}, "stimOffset": {"estimated": 0.54, "true": 0.547804489}, "maskOffset": {"estimated": 0.69, "true": 0.695168631}}, "trial_7": {"trialStart": 88818.11498479, "stimOnset": {"estimated": 0.5, "true": 0.498157656}, "stimOffset": {"estimated": 0.7, "true": 0.694023985}, "maskOffset": {"estimated": 0.85, "true": 0.842916997}}, "trial_8": {"trialStart": 88820.644199392, "stimOnset": {"estimated": 0.5, "true": 0.496952985}, "stimOffset": {"estimated": 0.7, "true": 0.69684455}, "maskOffset": {"estimated": 0.85, "true": 0.843999436}}, "trial_9": {"trialStart": 88822.905972626, "stimOnset": {"estimated": 0.5, "true": 0.495854594}, "stimOffset": {"estimated": 0.54, "true": 0.543662263}, "maskOffset": {"estimated": 0.69, "true": 0.688395174}}, "trial_10": {"trialStart": 88825.308378203, "stimOnset": {"estimated": 0.5, "true": 0.497964296}, "stimOffset": {"estimated": 0.7, "true": 0.692295729}, "maskOffset": {"estimated": 0.85, "true": 0.855396323}}, "trial_11": {"trialStart": 88827.633755121, "stimOnset": {"estimated": 0.5, "true": 0.498500624}, "stimOffset": {"estimated": 0.7, "true": 0.693829095}, "maskOffset": {"estimated": 0.85, "true": 0.853776923}}, "trial_12": {"trialStart": 88830.137643094, "stimOnset": {"estimated": 0.5, "true": 0.501964112}, "stimOffset": {"estimated": 0.7, "true": 0.698681863}, "maskOffset": {"estimated": 0.85, "true": 0.844016294}}, "trial_13": {"trialStart": 88832.600668843, "stimOnset": {"estimated": 0.5, "true": 0.497649673}, "stimOffset": {"estimated": 0.54, "true": 0.547152033}, "maskOffset": {"estimated": 0.69, "true": 0.694578734}}, "trial_14": {"trialStart": 88835.310304413, "stimOnset": {"estimated": 0.5, "true": 0.497797819}, "stimOffset": {"estimated": 0.54, "true": 0.546049341}, "maskOffset": {"estimated": 0.69, "true": 0.691809441}}, "trial_15": {"trialStart": 88837.751070632, "stimOnset": {"estimated": 0.5, "true": 0.494886522}, "stimOffset": {"estimated": 0.7, "true": 0.705763527}, "maskOffset": {"estimated": 0.85, "true": 0.852669202}}, "trial_16": {"trialStart": 88840.037736328, "stimOnset": {"estimated": 0.5, "true": 0.497918195}, "stimOffset": {"estimated": 0.7, "true": 0.69512383}, "maskOffset": {"estimated": 0.85, "true": 0.842577626}}, "trial_17": {"trialStart": 88842.740741648, "stimOnset": {"estimated": 0.5, "true": 0.500132491}, "stimOffset": {"estimated": 0.7, "true": 0.694420837}, "maskOffset": {"estimated": 0.85, "true": 0.843821647}}, "trial_18": {"trialStart": 88845.218163866, "stimOnset": {"estimated": 0.5, "true": 0.503658216}, "stimOffset": {"estimated": 0.7, "true": 0.700042175}, "maskOffset": {"estimated": 0.85, "true": 0.850113518}}, "trial_19": {"trialStart": 88847.527869523, "stimOnset": {"estimated": 0.5, "true": 0.501005892}, "stimOffset": {"estimated": 0.7, "true": 0.698093629}, "maskOffset": {"estimated": 0.85, "true": 0.845809776}}, "trial_20": {"trialStart": 88849.817667377, "stimOnset": {"estimated": 0.5, "true": 0.499553938}, "stimOffset": {"estimated": 0.54, "true": 0.532123787}, "maskOffset": {"estimated": 0.69, "true": 0.6949832}}, "trial_21": {"trialStart": 88852.30043153, "stimOnset": {"estimated": 0.5, "true": 0.499939804}, "stimOffset": {"estimated": 0.7, "true": 0.694592278}, "maskOffset": {"estimated": 0.85, "true": 0.856024921}}, "trial_22": {"trialStart": 88854.59252145, "stimOnset": {"estimated": 0.5, "true": 0.503270306}, "stimOffset": {"estimated": 0.54, "true": 0.535663517}, "maskOffset": {"estimated": 0.69, "true": 0.682381073}}, "trial_23": {"trialStart": 88856.764693587, "stimOnset": {"estimated": 0.5, "true": 0.500359217}, "stimOffset": {"estimated": 0.7, "true": 0.696403398}, "maskOffset": {"estimated": 0.85, "true": 0.842417301}}, "trial_24": {"trialStart": 88859.135092867, "stimOnset": {"estimated": 0.5, "true": 0.49954458}, "stimOffset": {"estimated": 0.7, "true": 0.697503719}, "maskOffset": {"estimated": 0.85, "true": 0.84616283}}, "trial_25": {"trialStart": 88861.522176863, "stimOnset": {"estimated": 0.5, "true": 0.498835767}, "stimOffset": {"estimated": 0.54, "true": 0.532790967}, "maskOffset": {"estimated": 0.69, "true": 0.69419745}}, "trial_26": {"trialStart": 88865.243620888, "stimOnset": {"estimated": 0.5, "true": 0.496910476}, "stimOffset": {"estimated": 0.54, "true": 0.545147685}, "maskOffset": {"estimated": 0.69, "true": 0.692290877}}, "trial_27": {"trialStart": 88867.779403661, "stimOnset": {"estimated": 0.5, "true": 0.501081411}, "stimOffset": {"estimated": 0.54, "true": 0.533339801}, "maskOffset": {"estimated": 0.69, "true": 0.696908654}}, "trial_28": {"trialStart": 88870.545212819, "stimOnset": {"estimated": 0.5, "true": 0.498058611}, "stimOffset": {"estimated": 0.54, "true": 0.546119381}, "maskOffset": {"estimated": 0.69, "true": 0.692991963}}, "trial_29": {"trialStart": 88872.729231557, "stimOnset": {"estimated": 0.5, "true": 0.49764622}, "stimOffset": {"estimated": 0.54, "true": 0.547826147}, "maskOffset": {"estimated": 0.69, "true": 0.695147294}}, "trial_30": {"trialStart": 88875.066224976, "stimOnset": {"estimated": 0.5, "true": 0.497140701}, "stimOffset": {"estimated": 0.7, "true": 0.706861065}, "maskOffset": {"estimated": 0.85, "true": 0.851458201}}, "trial_31": {"trialStart": 88877.519103366, "stimOnset": {"estimated": 0.5, "true": 0.500815081}, "stimOffset": {"estimated": 0.7, "true": 0.697162222}, "maskOffset": {"estimated": 0.85, "true": 0.843437752}}, "trial_32": {"trialStart": 88880.499211921, "stimOnset": {"estimated": 0.5, "true": 0.500889768}, "stimOffset": {"estimated": 0.54, "true": 0.534238711}, "maskOffset": {"estimated": 0.69, "true": 0.696588863}}, "trial_33": {"trialStart": 88883.497682961, "stimOnset": {"estimated": 0.5, "true": 0.498676318}, "stimOffset": {"estimated": 0.54, "true": 0.547393398}, "maskOffset": {"estimated": 0.69, "true": 0.696961868}}, "trial_34": {"trialStart": 88886.055747879, "stimOnset": {"estimated": 0.5, "true": 0.495187743}, "stimOffset": {"estimated": 0.54, "true": 0.545440923}, "maskOffset": {"estimated": 0.69, "true": 0.694164132}}, "trial_35": {"trialStart": 88889.405452886, "stimOnset": {"estimated": 0.5, "true": 0.49820054}, "stimOffset": {"estimated": 0.7, "true": 0.697064132}, "maskOffset": {"estimated": 0.85, "true": 0.843294519}}, "trial_36": {"trialStart": 88891.698799858, "stimOnset": {"estimated": 0.5, "true": 0.494817145}, "stimOffset": {"estimated": 0.7, "true": 0.693071796}, "maskOffset": {"estimated": 0.85, "true": 0.853713339}}, "trial_37": {"trialStart": 88894.034332785, "stimOnset": {"estimated": 0.5, "true": 0.501118228}, "stimOffset": {"estimated": 0.54, "true": 0.533101113}, "maskOffset": {"estimated": 0.69,