{"start": 88934.895153766, "trial_0": {"trialStart": 88936.02128918, "stimOnset": {"estimated": 0.5, "true": 0.503722882}, "stimOffset": {"estimated": 0.7, "true": 0.698584825}, "maskOffset": {"estimated": 0.85, "true": 0.847145479}}, "trial_1": {"trialStart": 88938.120761634, "stimOnset": {"estimated": 0.5, "true": 0.495418459}, "stimOffset": {"estimated": 0.7, "true": 0.707364272}, "maskOffset": {"estimated": 0.85, "true": 0.85496252}}, "trial_2": {"trialStart": 88940.200605343, "stimOnset": {"estimated": 0.5, "true": 0.49753118}, "stimOffset": {"estimated": 0.7, "true": 0.692872108}, "maskOffset": {"estimated": 0.85, "true": 0.855940682}}, "trial_3": {"trialStart": 88942.277711024, "stimOnset": {"estimated": 0.5, "true": 0.498710233}, "stimOffset": {"estimated": 0.54, "true": 0.547188292}, "maskOffset": {"estimated": 0.69, "true": 0.693779417}}, "trial_4": {"trialStart": 88944.373401935, "stimOnset": {"estimated": 0.5, "true": 0.497812566}, "stimOffset": {"estimated": 0.7, "true": 0.692218545}, "maskOffset": {"estimated": 0.85, "true": 0.855312594}}, "trial_5": {"trialStart": 88946.454504977, "stimOnset": {"estimated": 0.5, "true": 0.497183092}, "stimOffset": {"estimated": 0.7, "true": 0.692528215}, "maskOffset": {"estimated": 0.85, "true": 0.856864756}}, "trial_6": {"trialStart": 88948.61894523, "stimOnset": {"estimated": 0.5, "true": 0.497373747}, "stimOffset": {"estimated": 0.54, "true": 0.547030532}, "maskOffset": {"estimated": 0.69, "true": 0.697198676}}, "trial_7": {"trialStart": 88950.663704755, "stimOnset": {"estimated": 0.5, "true": 0.504409555}, "stimOffset": {"estimated": 0.54, "true": 0.536609482}, "maskOffset": {"estimated": 0.69, "true": 0.696478305}}, "trial_8": {"trialStart": 88952.932881833, "stimOnset": {"estimated": 0.5, "true": 0.50330119}, "stimOffset": {"estimated": 0.7, "true": 0.703567523}, "maskOffset": {"estimated": 0.85, "true": 0.849247828}}, "trial_9": {"trialStart": 88955.085239611, "stimOnset": {"estimated": 0.5, "true": 0.497378705}, "stimOffset": {"estimated": 0.54, "true": 0.546086764}, "maskOffset": {"estimated": 0.69, "true": 0.693259367}}, "trial_10": {"trialStart": 88957.204285922, "stimOnset": {"estimated": 0.5, "true": 0.495000875}, "stimOffset": {"estimated": 0.54, "true": 0.543447108}, "maskOffset": {"estimated": 0.69, "true": 0.690643323}}, "trial_11": {"trialStart": 88959.366703288, "stimOnset": {"estimated": 0.5, "true": 0.498598787}, "stimOffset": {"estimated": 0.7, "true": 0.693215826}, "maskOffset": {"estimated": 0.85, "true": 0.856327068}}, "trial_12": {"trialStart": 88961.563277754, "stimOnset": {"estimated": 0.5, "true": 0.495024309}, "stimOffset": {"estimated": 0.7, "true": 0.707619516}, "maskOffset": {"estimated": 0.85, "true": 0.85507922}}, "trial_13": {"trialStart": 88963.725802142, "stimOnset": {"estimated": 0.5, "true": 0.499171615}, "stimOffset": {"estimated": 0.7, "true": 0.694013685}, "maskOffset": {"estimated": 0.85, "true": 0.857202949}}, "trial_14": {"trialStart": 88965.813310291, "stimOnset": {"estimated": 0.5, "true": 0.498959634}, "stimOffset": {"estimated": 0.54, "true": 0.547303315}, "maskOffset": {"estimated": 0.69, "true": 0.694910847}}, "trial_15": {"trialStart": 88967.860782409, "stimOnset": {"estimated": 0.5, "true": 0.501282764}, "stimOffset": {"estimated": 0.7, "true": 0.695497633}, "maskOffset": {"estimated": 0.85, "true": 0.844324129}}, "trial_16": {"trialStart": 88969.934774244, "stimOnset": {"estimated": 0.5, "true": 0.501853586}, "stimOffset": {"estimated": 0.7, "true": 0.698796846}, "maskOffset": {"estimated": 0.85, "true": 0.845663071}}, "trial_17": {"trialStart": 88972.092900128, "stimOnset": {"estimated": 0.5, "true": 0.500562674}, "stimOffset": {"estimated": 0.54, "true": 0.533168867}, "maskOffset": {"estimated": 0.69, "true": 0.696188112}}, "trial_18": {"trialStart": 88974.265990092, "stimOnset": {"estimated": 0.5, "true": 0.498818415}, "stimOffset": {"estimated": 0.54, "true": 0.532169794}, "maskOffset": {"estimated": 0.69, "true": 0.696217212}}, "trial_19": {"trialStart": 88976.395741664, "stimOnset": {"estimated": 0.5, "true": 0.497291743}, "stimOffset": {"estimated": 0.7, "true": 0.693717167}, "maskOffset": {"estimated": 0.85, "true": 0.856007378}}, "trial_20": {"trialStart": 88978.453480806, "stimOnset": {"estimated": 0.5, "true": 0.499466087}, "stimOffset": {"estimated": 0.7, "true": 0.697794782}, "maskOffset": {"estimated": 0.85, "true": 0.843454587}}, "trial_21": {"trialStart": 88980.563861801, "stimOnset": {"estimated": 0.5, "true": 0.505520978}, "stimOffset": {"estimated": 0.7, "true": 0.70229055}, "maskOffset": {"estimated": 0.85, "true": 0.848276962}}, "trial_22": {"trialStart": 88982.625738125, "stimOnset": {"estimated": 0.5, "true": 0.49610959}, "stimOffset": {"estimated": 0.54, "true": 0.545871125}, "maskOffset": {"estimated": 0.69, "true": 0.691956595}}, "trial_23": {"trialStart": 88984.861421267, "stimOnset": {"estimated": 0.5, "true": 0.500563105}, "stimOffset": {"estimated": 0.54, "true": 0.532748063}, "maskOffset": {"estimated": 0.69, "true": 0.695392998}}, "trial_24": {"trialStart": 88986.996209161, "stimOnset": {"estimated": 0.5, "true": 0.497231296}, "stimOffset": {"estimated": 0.7, "true": 0.695328087}, "maskOffset": {"estimated": 0.85, "true": 0.857860036}}, "trial_25": {"trialStart": 88989.111235449, "stimOnset": {"estimated": 0.5, "true": 0.496979922}, "stimOffset": {"estimated": 0.54, "true": 0.544577156}, "maskOffset": {"estimated": 0.69, "true": 0.689916312}}, "trial_26": {"trialStart": 88991.288824715, "stimOnset": {"estimated": 0.5, "true": 0.508169851}, "stimOffset": {"estimated": 0.7, "true": 0.700795718}, "maskOffset": {"estimated": 0.85, "true": 0.846354745}}, "trial_27": {"trialStart": 88993.329229506, "stimOnset": {"estimated": 0.5, "true": 0.497525009}, "stimOffset": {"estimated": 0.54, "true": 0.548111414}, "maskOffset": {"estimated": 0.69, "true": 0.697076171}}, "trial_28": {"trialStart": 88995.304203564, "stimOnset": {"estimated": 0.5, "true": 0.500433471}, "stimOffset": {"estimated": 0.54, "true": 0.532927666}, "maskOffset": {"estimated": 0.69, "true": 0.682339532}}, "trial_29": {"trialStart": 88997.426856936, "stimOnset": {"estimated": 0.5, "true": 0.495386299}, "stimOffset": {"estimated": 0.54, "true": 0.543128309}, "maskOffset": {"estimated": 0.69, "true": 0.691015137}}, "trial_30": {"trialStart": 88999.532920615, "stimOnset": {"estimated": 0.5, "true": 0.496471585}, "stimOffset": {"estimated": 0.7, "true": 0.694314953}, "maskOffset": {"estimated": 0.85, "true": 0.857279031}}, "trial_31": {"trialStart": 89001.573432268, "stimOnset": {"estimated": 0.5, "true": 0.495434497}, "stimOffset": {"estimated": 0.54, "true": 0.543049918}, "maskOffset": {"estimated": 0.69, "true": 0.688219775}}, "trial_32": {"trialStart": 89003.573032257, "stimOnset": {"estimated": 0.5, "true": 0.496032683}, "stimOffset": {"estimated": 0.54, "true": 0.544047199}, "maskOffset": {"estimated": 0.69, "true": 0.693368179}}, "trial_33": {"trialStart": 89005.641958536, "stimOnset": {"estimated": 0.5, "true": 0.494853818}, "stimOffset": {"estimated": 0.7, "true": 0.707132699}, "maskOffset": {"estimated": 0.85, "true": 0.852801245}}, "trial_34": {"trialStart": 89007.693895192, "stimOnset": {"estimated": 0.5, "true": 0.503403757}, "stimOffset": {"estimated": 0.54, "true": 0.535903019}, "maskOffset": {"estimated": 0.69, "true": 0.681969099}}, "trial_35": {"trialStart": 89009.767172616, "stimOnset": {"estimated": 0.5, "true": 0.493648887}, "stimOffset": {"estimated": 0.54, "true": 0.542239281}, "maskOffset": {"estimated": 0.69, "true": 0.688477686}}, "trial_36": {"trialStart": 89011.887483526, "stimOnset": {"estimated": 0.5, "true": 0.49602103}, "stimOffset": {"estimated": 0.54, "true": 0.544465673}, "maskOffset": {"estimated": 0.69, "true": 0.691152781}}, "trial_37": {"trialStart": 89014.037636899, "stimOnset": {"estimated": 0.5, "true": 0.495806985}, "stimOffset": {"estimated": 0.7, "true": 0.705228333}, "maskOffset": {"estimated": 0.85,