{"start": 1341404.090735958, "trial_0": {"trialStart": 1341414.609517251, "stimOnset": {"estimated": 0.5, "true": 0.497884816}, "stimOffset": {"estimated": 0.7, "true": 0.697424228}, "maskOffset": {"estimated": 0.85, "true": 0.848492982}}, "trial_1": {"trialStart": 1341417.25985149, "stimOnset": {"estimated": 0.5, "true": 0.497529493}, "stimOffset": {"estimated": 0.7, "true": 0.697796935}, "maskOffset": {"estimated": 0.85, "true": 0.848116374}}, "trial_2": {"trialStart": 1341419.626380211, "stimOnset": {"estimated": 0.5, "true": 0.497554049}, "stimOffset": {"estimated": 0.7, "true": 0.698190391}, "maskOffset": {"estimated": 0.85, "true": 0.847107847}}, "trial_3": {"trialStart": 1341421.859060216, "stimOnset": {"estimated": 0.5, "true": 0.498480803}, "stimOffset": {"estimated": 0.7, "true": 0.698861118}, "maskOffset": {"estimated": 0.85, "true": 0.848851045}}, "trial_4": {"trialStart": 1341424.343052477, "stimOnset": {"estimated": 0.5, "true": 0.497306564}, "stimOffset": {"estimated": 0.54, "true": 0.547028977}, "maskOffset": {"estimated": 0.69, "true": 0.698163944}}, "trial_5": {"trialStart": 1341427.175420739, "stimOnset": {"estimated": 0.5, "true": 0.49925063}, "stimOffset": {"estimated": 0.54, "true": 0.53171922}, "maskOffset": {"estimated": 0.69, "true": 0.68260769}}, "trial_6": {"trialStart": 1341429.791776493, "stimOnset": {"estimated": 0.5, "true": 0.498396553}, "stimOffset": {"estimated": 0.54, "true": 0.532639934}, "maskOffset": {"estimated": 0.69, "true": 0.681689865}}, "trial_7": {"trialStart": 1341432.075794232, "stimOnset": {"estimated": 0.5, "true": 0.498708092}, "stimOffset": {"estimated": 0.54, "true": 0.548234297}, "maskOffset": {"estimated": 0.69, "true": 0.697562411}}, "trial_8": {"trialStart": 1341434.376593591, "stimOnset": {"estimated": 0.5, "true": 0.496483202}, "stimOffset": {"estimated": 0.54, "true": 0.547679961}, "maskOffset": {"estimated": 0.69, "true": 0.696779088}}, "trial_9": {"trialStart": 1341436.626755388, "stimOnset": {"estimated": 0.5, "true": 0.497627689}, "stimOffset": {"estimated": 0.54, "true": 0.547701158}, "maskOffset": {"estimated": 0.69, "true": 0.697601899}}, "trial_10": {"trialStart": 1341439.125054029, "stimOnset": {"estimated": 0.5, "true": 0.499310778}, "stimOffset": {"estimated": 0.7, "true": 0.698995491}, "maskOffset": {"estimated": 0.85, "true": 0.848433973}}, "trial_11": {"trialStart": 1341441.94156747, "stimOnset": {"estimated": 0.5, "true": 0.498649758}, "stimOffset": {"estimated": 0.54, "true": 0.532799596}, "maskOffset": {"estimated": 0.69, "true": 0.682502016}}, "trial_12": {"trialStart": 1341444.424285033, "stimOnset": {"estimated": 0.5, "true": 0.49867625}, "stimOffset": {"estimated": 0.7, "true": 0.69991734}, "maskOffset": {"estimated": 0.85, "true": 0.848761178}}, "trial_13": {"trialStart": 1341446.926694403, "stimOnset": {"estimated": 0.5, "true": 0.497022309}, "stimOffset": {"estimated": 0.54, "true": 0.546347171}, "maskOffset": {"estimated": 0.69, "true": 0.697284764}}, "trial_14": {"trialStart": 1341449.693486593, "stimOnset": {"estimated": 0.5, "true": 0.496516773}, "stimOffset": {"estimated": 0.54, "true": 0.547193839}, "maskOffset": {"estimated": 0.69, "true": 0.696430338}}, "trial_15": {"trialStart": 1341452.042125913, "stimOnset": {"estimated": 0.5, "true": 0.498636018}, "stimOffset": {"estimated": 0.7, "true": 0.698620513}, "maskOffset": {"estimated": 0.85, "true": 0.848587687}}, "trial_16": {"trialStart": 1341454.292655903, "stimOnset": {"estimated": 0.5, "true": 0.497642394}, "stimOffset": {"estimated": 0.54, "true": 0.548232908}, "maskOffset": {"estimated": 0.69, "true": 0.697648482}}, "trial_17": {"trialStart": 1341456.674714315, "stimOnset": {"estimated": 0.5, "true": 0.498532903}, "stimOffset": {"estimated": 0.54, "true": 0.549239151}, "maskOffset": {"estimated": 0.69, "true": 0.682416451}}, "trial_18": {"trialStart": 1341458.926444251, "stimOnset": {"estimated": 0.5, "true": 0.504778899}, "stimOffset": {"estimated": 0.7, "true": 0.701802162}, "maskOffset": {"estimated": 0.85, "true": 0.848696897}}, "trial_19": {"trialStart": 1341461.158771517, "stimOnset": {"estimated": 0.5, "true": 0.498577593}, "stimOffset": {"estimated": 0.54, "true": 0.532036606}, "maskOffset": {"estimated": 0.69, "true": 0.681687863}}, "trial_20": {"trialStart": 1341463.509637247, "stimOnset": {"estimated": 0.5, "true": 0.496429908}, "stimOffset": {"estimated": 0.7, "true": 0.697186036}, "maskOffset": {"estimated": 0.85, "true": 0.847233933}}, "trial_21": {"trialStart": 1341465.908937082, "stimOnset": {"estimated": 0.5, "true": 0.498438735}, "stimOffset": {"estimated": 0.7, "true": 0.697333371}, "maskOffset": {"estimated": 0.85, "true": 0.84821571}}, "trial_22": {"trialStart": 1341468.242652203, "stimOnset": {"estimated": 0.5, "true": 0.496994228}, "stimOffset": {"estimated": 0.54, "true": 0.547918756}, "maskOffset": {"estimated": 0.69, "true": 0.697281536}}, "trial_23": {"trialStart": 1341470.442167564, "stimOnset": {"estimated": 0.5, "true": 0.497593134}, "stimOffset": {"estimated": 0.7, "true": 0.697802321}, "maskOffset": {"estimated": 0.85, "true": 0.848398894}}, "trial_24": {"trialStart": 1341472.724606985, "stimOnset": {"estimated": 0.5, "true": 0.498415493}, "stimOffset": {"estimated": 0.54, "true": 0.548432546}, "maskOffset": {"estimated": 0.69, "true": 0.68203842}}, "trial_25": {"trialStart": 1341475.142815281, "stimOnset": {"estimated": 0.5, "true": 0.497629189}, "stimOffset": {"estimated": 0.7, "true": 0.697441668}, "maskOffset": {"estimated": 0.85, "true": 0.847313278}}, "trial_26": {"trialStart": 1341477.308277487, "stimOnset": {"estimated": 0.5, "true": 0.498740525}, "stimOffset": {"estimated": 0.54, "true": 0.532134028}, "maskOffset": {"estimated": 0.69, "true": 0.68169171}}, "trial_27": {"trialStart": 1341479.758015295, "stimOnset": {"estimated": 0.5, "true": 0.498706151}, "stimOffset": {"estimated": 0.7, "true": 0.699076494}, "maskOffset": {"estimated": 0.85, "true": 0.848608656}}, "trial_28": {"trialStart": 1341481.892224522, "stimOnset": {"estimated": 0.5, "true": 0.497768091}, "stimOffset": {"estimated": 0.7, "true": 0.698212023}, "maskOffset": {"estimated": 0.85, "true": 0.848217482}}, "trial_29": {"trialStart": 1341484.126198229, "stimOnset": {"estimated": 0.5, "true": 0.497298819}, "stimOffset": {"estimated": 0.7, "true": 0.697363109}, "maskOffset": {"estimated": 0.85, "true": 0.847136101}}, "trial_30": {"trialStart": 1341486.558166806, "stimOnset": {"estimated": 0.5, "true": 0.49870104}, "stimOffset": {"estimated": 0.7, "true": 0.698804026}, "maskOffset": {"estimated": 0.85, "true": 0.848332647}}, "trial_31": {"trialStart": 1341488.79200902, "stimOnset": {"estimated": 0.5, "true": 0.497313077}, "stimOffset": {"estimated": 0.54, "true": 0.548122042}, "maskOffset": {"estimated": 0.69, "true": 0.697575305}}, "trial_32": {"trialStart": 1341491.059263487, "stimOnset": {"estimated": 0.5, "true": 0.496832303}, "stimOffset": {"estimated": 0.7, "true": 0.697170348}, "maskOffset": {"estimated": 0.85, "true": 0.847607479}}, "trial_33": {"trialStart": 1341493.325120031, "stimOnset": {"estimated": 0.5, "true": 0.49833395}, "stimOffset": {"estimated": 0.54, "true": 0.53178208}, "maskOffset": {"estimated": 0.69, "true": 0.697824871}}, "trial_34": {"trialStart": 1341495.574597753, "stimOnset": {"estimated": 0.5, "true": 0.499205634}, "stimOffset": {"estimated": 0.54, "true": 0.548484885}, "maskOffset": {"estimated": 0.69, "true": 0.698065252}}, "trial_35": {"trialStart": 1341497.892559971, "stimOnset": {"estimated": 0.5, "true": 0.496732315}, "stimOffset": {"estimated": 0.7, "true": 0.697431192}, "maskOffset": {"estimated": 0.85, "true": 0.847307291}}, "trial_36": {"trialStart": 1341500.907237797, "stimOnset": {"estimated": 0.5, "true": 0.500614443}, "stimOffset": {"estimated": 0.7, "true": 0.699588997}, "maskOffset": {"estimated": 0.85, "true": 0.849561033}}, "trial_37": {"trialStart": 1341503.075879867, "stimOnset": {"estimated": 0.5, "true": 0.496698545}, "stimOffset": {"estimated": 0.54,