{"start": 2456215.508102583, "trial_0": {"trialStart": 2456253.319940875, "stimOnset": {"estimated": 0.5, "true": 0.504576}, "stimOffset": {"estimated": 0.7, "true": 0.704655625}, "maskOffset": {"estimated": 0.85, "true": 0.854564333}}, "trial_1": {"trialStart": 2456257.219800041, "stimOnset": {"estimated": 0.5, "true": 0.504613584}, "stimOffset": {"estimated": 0.54, "true": 0.537978084}, "maskOffset": {"estimated": 0.69, "true": 0.687964}}, "trial_2": {"trialStart": 2456260.952139541, "stimOnset": {"estimated": 0.5, "true": 0.505556625}, "stimOffset": {"estimated": 0.7, "true": 0.705750417}, "maskOffset": {"estimated": 0.85, "true": 0.8556775}}, "trial_3": {"trialStart": 2456263.918290125, "stimOnset": {"estimated": 0.5, "true": 0.506079791}, "stimOffset": {"estimated": 0.7, "true": 0.706113791}, "maskOffset": {"estimated": 0.85, "true": 0.8561145}}, "trial_4": {"trialStart": 2456266.210674708, "stimOnset": {"estimated": 0.5, "true": 0.497224083}, "stimOffset": {"estimated": 0.7, "true": 0.697034833}, "maskOffset": {"estimated": 0.85, "true": 0.847305625}}, "trial_5": {"trialStart": 2456268.494007625, "stimOnset": {"estimated": 0.5, "true": 0.497257125}, "stimOffset": {"estimated": 0.54, "true": 0.547067791}, "maskOffset": {"estimated": 0.69, "true": 0.697207125}}, "trial_6": {"trialStart": 2456272.236156583, "stimOnset": {"estimated": 0.5, "true": 0.504874875}, "stimOffset": {"estimated": 0.54, "true": 0.538279458}, "maskOffset": {"estimated": 0.69, "true": 0.688338042}}, "trial_7": {"trialStart": 2456275.968113541, "stimOnset": {"estimated": 0.5, "true": 0.506290834}, "stimOffset": {"estimated": 0.54, "true": 0.539644834}, "maskOffset": {"estimated": 0.69, "true": 0.689607042}}, "trial_8": {"trialStart": 2456279.700535833, "stimOnset": {"estimated": 0.5, "true": 0.507198292}, "stimOffset": {"estimated": 0.7, "true": 0.707327042}, "maskOffset": {"estimated": 0.85, "true": 0.85729025}}, "trial_9": {"trialStart": 2456282.277595541, "stimOnset": {"estimated": 0.5, "true": 0.49692975}, "stimOffset": {"estimated": 0.54, "true": 0.546983042}, "maskOffset": {"estimated": 0.69, "true": 0.697240417}}, "trial_10": {"trialStart": 2456285.435802875, "stimOnset": {"estimated": 0.5, "true": 0.504918625}, "stimOffset": {"estimated": 0.54, "true": 0.538543666}, "maskOffset": {"estimated": 0.69, "true": 0.688698458}}, "trial_11": {"trialStart": 2456288.720080916, "stimOnset": {"estimated": 0.5, "true": 0.504271625}, "stimOffset": {"estimated": 0.54, "true": 0.537732}, "maskOffset": {"estimated": 0.69, "true": 0.687668375}}, "trial_12": {"trialStart": 2456291.334407708, "stimOnset": {"estimated": 0.5, "true": 0.506573583}, "stimOffset": {"estimated": 0.7, "true": 0.706722708}, "maskOffset": {"estimated": 0.85, "true": 0.856739333}}, "trial_13": {"trialStart": 2456294.185352125, "stimOnset": {"estimated": 0.5, "true": 0.505678916}, "stimOffset": {"estimated": 0.54, "true": 0.539458}, "maskOffset": {"estimated": 0.69, "true": 0.689260166}}, "trial_14": {"trialStart": 2456296.669477291, "stimOnset": {"estimated": 0.5, "true": 0.504967}, "stimOffset": {"estimated": 0.54, "true": 0.537626084}, "maskOffset": {"estimated": 0.69, "true": 0.688575}}, "trial_15": {"trialStart": 2456299.383021708, "stimOnset": {"estimated": 0.5, "true": 0.507999917}, "stimOffset": {"estimated": 0.54, "true": 0.541813042}, "maskOffset": {"estimated": 0.69, "true": 0.691149208}}, "trial_16": {"trialStart": 2456303.118821958, "stimOnset": {"estimated": 0.5, "true": 0.505556333}, "stimOffset": {"estimated": 0.7, "true": 0.705603667}, "maskOffset": {"estimated": 0.85, "true": 0.855537208}}, "trial_17": {"trialStart": 2456305.920376, "stimOnset": {"estimated": 0.5, "true": 0.503948208}, "stimOffset": {"estimated": 0.7, "true": 0.703977916}, "maskOffset": {"estimated": 0.85, "true": 0.853955083}}, "trial_18": {"trialStart": 2456309.186582333, "stimOnset": {"estimated": 0.5, "true": 0.50455225}, "stimOffset": {"estimated": 0.54, "true": 0.538095625}, "maskOffset": {"estimated": 0.69, "true": 0.68797775}}, "trial_19": {"trialStart": 2456312.81855525, "stimOnset": {"estimated": 0.5, "true": 0.505894833}, "stimOffset": {"estimated": 0.7, "true": 0.706103541}, "maskOffset": {"estimated": 0.85, "true": 0.85609175}}, "trial_20": {"trialStart": 2456316.002419625, "stimOnset": {"estimated": 0.5, "true": 0.505305041}, "stimOffset": {"estimated": 0.7, "true": 0.705336333}, "maskOffset": {"estimated": 0.85, "true": 0.855544666}}, "trial_21": {"trialStart": 2456318.577219791, "stimOnset": {"estimated": 0.5, "true": 0.497185625}, "stimOffset": {"estimated": 0.7, "true": 0.696678584}, "maskOffset": {"estimated": 0.85, "true": 0.847226834}}, "trial_22": {"trialStart": 2456320.993597541, "stimOnset": {"estimated": 0.5, "true": 0.497375084}, "stimOffset": {"estimated": 0.54, "true": 0.547361125}, "maskOffset": {"estimated": 0.69, "true": 0.697381}}, "trial_23": {"trialStart": 2456324.220221166, "stimOnset": {"estimated": 0.5, "true": 0.504353042}, "stimOffset": {"estimated": 0.7, "true": 0.704094584}, "maskOffset": {"estimated": 0.85, "true": 0.853472959}}, "trial_24": {"trialStart": 2456326.953198791, "stimOnset": {"estimated": 0.5, "true": 0.504523417}, "stimOffset": {"estimated": 0.54, "true": 0.537836584}, "maskOffset": {"estimated": 0.69, "true": 0.687792709}}, "trial_25": {"trialStart": 2456330.052169291, "stimOnset": {"estimated": 0.5, "true": 0.505565167}, "stimOffset": {"estimated": 0.54, "true": 0.539057792}, "maskOffset": {"estimated": 0.69, "true": 0.689225625}}, "trial_26": {"trialStart": 2456333.06850875, "stimOnset": {"estimated": 0.5, "true": 0.505852125}, "stimOffset": {"estimated": 0.54, "true": 0.539128791}, "maskOffset": {"estimated": 0.69, "true": 0.689294416}}, "trial_27": {"trialStart": 2456335.702620333, "stimOnset": {"estimated": 0.5, "true": 0.505120708}, "stimOffset": {"estimated": 0.7, "true": 0.705050167}, "maskOffset": {"estimated": 0.85, "true": 0.854992042}}, "trial_28": {"trialStart": 2456338.435496666, "stimOnset": {"estimated": 0.5, "true": 0.505479334}, "stimOffset": {"estimated": 0.7, "true": 0.705514875}, "maskOffset": {"estimated": 0.85, "true": 0.85562325}}, "trial_29": {"trialStart": 2456340.810660875, "stimOnset": {"estimated": 0.5, "true": 0.497246458}, "stimOffset": {"estimated": 0.54, "true": 0.547235166}, "maskOffset": {"estimated": 0.69, "true": 0.69736575}}, "trial_30": {"trialStart": 2456343.250750458, "stimOnset": {"estimated": 0.5, "true": 0.506978833}, "stimOffset": {"estimated": 0.7, "true": 0.707023042}, "maskOffset": {"estimated": 0.85, "true": 0.857091167}}, "trial_31": {"trialStart": 2456345.52739925, "stimOnset": {"estimated": 0.5, "true": 0.497090916}, "stimOffset": {"estimated": 0.7, "true": 0.696917916}, "maskOffset": {"estimated": 0.85, "true": 0.846869541}}, "trial_32": {"trialStart": 2456348.035137208, "stimOnset": {"estimated": 0.5, "true": 0.505800708}, "stimOffset": {"estimated": 0.54, "true": 0.539324375}, "maskOffset": {"estimated": 0.69, "true": 0.689201708}}, "trial_33": {"trialStart": 2456350.88581125, "stimOnset": {"estimated": 0.5, "true": 0.505473041}, "stimOffset": {"estimated": 0.7, "true": 0.705179541}, "maskOffset": {"estimated": 0.85, "true": 0.855299708}}, "trial_34": {"trialStart": 2456353.519025916, "stimOnset": {"estimated": 0.5, "true": 0.505373209}, "stimOffset": {"estimated": 0.54, "true": 0.538802334}, "maskOffset": {"estimated": 0.69, "true": 0.688687667}}, "trial_35": {"trialStart": 2456356.950979416, "stimOnset": {"estimated": 0.5, "true": 0.50661075}, "stimOffset": {"estimated": 0.7, "true": 0.706669084}, "maskOffset": {"estimated": 0.85, "true": 0.856660375}}, "trial_36": {"trialStart": 2456359.7685965, "stimOnset": {"estimated": 0.5, "true": 0.504991458}, "stimOffset": {"estimated": 0.54, "true": 0.539216}, "maskOffset": {"estimated": 0.69, "true": 0.689278416}}, "trial_37": {"trialStart": 2456362.135619416, "stimOnset": {"estimated": 0.5, "true": 0.505258584}, "stimOffset": {"estimated": 0.7, "true": 0.705335792},