{"start": 52068.010773176, "trial_0": {"trialStart": 52073.345911994, "stimOnset": {"estimated": 0.5, "true": 0.507473367}, "stimOffset": {"estimated": 0.7, "true": 0.705244327}, "maskOffset": {"estimated": 0.85, "true": 0.849615993}}, "trial_1": {"trialStart": 52076.301497606, "stimOnset": {"estimated": 0.5, "true": 0.504126287}, "stimOffset": {"estimated": 0.54, "true": 0.536648442}, "maskOffset": {"estimated": 0.69, "true": 0.69171588}}, "trial_2": {"trialStart": 52079.867752165, "stimOnset": {"estimated": 0.5, "true": 0.496103645}, "stimOffset": {"estimated": 0.7, "true": 0.70626532}, "maskOffset": {"estimated": 0.85, "true": 0.855479579}}, "trial_3": {"trialStart": 52082.505733002, "stimOnset": {"estimated": 0.5, "true": 0.49413843}, "stimOffset": {"estimated": 0.7, "true": 0.694819961}, "maskOffset": {"estimated": 0.85, "true": 0.842117748}}}