{"start": 4700.590700231, "trial_0": {"trialStart": 4703.985365604, "stimOnset": {"estimated": 0.5, "true": 0.503059658}, "stimOffset": {"estimated": 1.0, "true": 1.006606533}, "maskOffset": {"estimated": 1.5, "true": 1.495995298}}, "trial_1": {"trialStart": 4707.821742152, "stimOnset": {"estimated": 0.5, "true": 0.493940517}, "stimOffset": {"estimated": 1.0, "true": 1.004491676}, "maskOffset": {"estimated": 1.5, "true": 1.499569709}}, "trial_2": {"trialStart": 4711.785611232, "stimOnset": {"estimated": 0.5, "true": 0.499790565}, "stimOffset": {"estimated": 1.5, "true": 1.501934782}, "maskOffset": {"estimated": 2.0, "true": 1.998603209}}, "trial_3": {"trialStart": 4716.326737117, "stimOnset": {"estimated": 0.5, "true": 0.501112055}, "stimOffset": {"estimated": 1.5, "true": 1.492267332}, "maskOffset": {"estimated": 2.0, "true": 2.004193342}}, "trial_4": {"trialStart": 4720.345069431, "stimOnset": {"estimated": 0.5, "true": 0.503799009}, "stimOffset": {"estimated": 1.0, "true": 0.992860755}, "maskOffset": {"estimated": 1.5, "true": 1.505029421}}}