{"start": 51830.470669871, "trial_0": {"trialStart": 51835.470432214, "stimOnset": {"estimated": 0.5, "true": 0.498994538}, "stimOffset": {"estimated": 0.7, "true": 0.694247727}, "maskOffset": {"estimated": 0.85, "true": 0.843107544}}, "trial_1": {"trialStart": 51838.326719709, "stimOnset": {"estimated": 0.5, "true": 0.502257695}, "stimOffset": {"estimated": 0.54, "true": 0.533831041}, "maskOffset": {"estimated": 0.69, "true": 0.681933111}}}