{"start": 2455539.609455541, "trial_0": {"trialStart": 2455556.544072041, "stimOnset": {"estimated": 0.5, "true": 0.49823375}, "stimOffset": {"estimated": 0.54, "true": 0.548149792}, "maskOffset": {"estimated": 0.69, "true": 0.681578667}}, "trial_1": {"trialStart": 2455559.103489333, "stimOnset": {"estimated": 0.5, "true": 0.505517792}, "stimOffset": {"estimated": 0.7, "true": 0.705413042}, "maskOffset": {"estimated": 0.85, "true": 0.855456125}}, "trial_2": {"trialStart": 2455561.561926, "stimOnset": {"estimated": 0.5, "true": 0.497074458}, "stimOffset": {"estimated": 0.7, "true": 0.697180666}, "maskOffset": {"estimated": 0.85, "true": 0.847092958}}, "trial_3": {"trialStart": 2455563.995894958, "stimOnset": {"estimated": 0.5, "true": 0.496334417}, "stimOffset": {"estimated": 0.54, "true": 0.546345458}, "maskOffset": {"estimated": 0.69, "true": 0.696533208}}, "trial_4": {"trialStart": 2455566.95308575, "stimOnset": {"estimated": 0.5, "true": 0.504712416}, "stimOffset": {"estimated": 0.54, "true": 0.537947125}, "maskOffset": {"estimated": 0.69, "true": 0.689092541}}, "trial_5": {"trialStart": 2455569.404122791, "stimOnset": {"estimated": 0.5, "true": 0.50467525}, "stimOffset": {"estimated": 0.7, "true": 0.705163834}, "maskOffset": {"estimated": 0.85, "true": 0.854773959}}, "trial_6": {"trialStart": 2455571.811632208, "stimOnset": {"estimated": 0.5, "true": 0.497292}, "stimOffset": {"estimated": 0.7, "true": 0.697255042}, "maskOffset": {"estimated": 0.85, "true": 0.847192792}}, "trial_7": {"trialStart": 2455574.212532916, "stimOnset": {"estimated": 0.5, "true": 0.496756959}, "stimOffset": {"estimated": 0.7, "true": 0.696597125}, "maskOffset": {"estimated": 0.85, "true": 0.846672709}}, "trial_8": {"trialStart": 2455576.578535541, "stimOnset": {"estimated": 0.5, "true": 0.49712225}, "stimOffset": {"estimated": 0.54, "true": 0.547163125}, "maskOffset": {"estimated": 0.69, "true": 0.697146584}}, "trial_9": {"trialStart": 2455578.794665333, "stimOnset": {"estimated": 0.5, "true": 0.497647083}, "stimOffset": {"estimated": 0.54, "true": 0.547561333}, "maskOffset": {"estimated": 0.69, "true": 0.697472}}, "trial_10": {"trialStart": 2455581.270956333, "stimOnset": {"estimated": 0.5, "true": 0.504695167}, "stimOffset": {"estimated": 0.7, "true": 0.704006667}, "maskOffset": {"estimated": 0.85, "true": 0.854543167}}, "trial_11": {"trialStart": 2455583.478425583, "stimOnset": {"estimated": 0.5, "true": 0.4971175}, "stimOffset": {"estimated": 0.54, "true": 0.547286583}, "maskOffset": {"estimated": 0.69, "true": 0.696967042}}, "trial_12": {"trialStart": 2455586.1203175, "stimOnset": {"estimated": 0.5, "true": 0.505208416}, "stimOffset": {"estimated": 0.54, "true": 0.53850475}, "maskOffset": {"estimated": 0.69, "true": 0.688457583}}, "trial_13": {"trialStart": 2455588.586470083, "stimOnset": {"estimated": 0.5, "true": 0.505553792}, "stimOffset": {"estimated": 0.7, "true": 0.705687833}, "maskOffset": {"estimated": 0.85, "true": 0.855767958}}, "trial_14": {"trialStart": 2455590.977923791, "stimOnset": {"estimated": 0.5, "true": 0.497809167}, "stimOffset": {"estimated": 0.7, "true": 0.697639917}, "maskOffset": {"estimated": 0.85, "true": 0.847528375}}, "trial_15": {"trialStart": 2455593.452781583, "stimOnset": {"estimated": 0.5, "true": 0.506206042}, "stimOffset": {"estimated": 0.7, "true": 0.706049208}, "maskOffset": {"estimated": 0.85, "true": 0.856208167}}, "trial_16": {"trialStart": 2455595.728548625, "stimOnset": {"estimated": 0.5, "true": 0.497005416}, "stimOffset": {"estimated": 0.7, "true": 0.697009166}, "maskOffset": {"estimated": 0.85, "true": 0.846974458}}, "trial_17": {"trialStart": 2455597.927789375, "stimOnset": {"estimated": 0.5, "true": 0.497990291}, "stimOffset": {"estimated": 0.7, "true": 0.697597125}, "maskOffset": {"estimated": 0.85, "true": 0.847626541}}, "trial_18": {"trialStart": 2455600.078458875, "stimOnset": {"estimated": 0.5, "true": 0.497091375}, "stimOffset": {"estimated": 0.54, "true": 0.547246541}, "maskOffset": {"estimated": 0.69, "true": 0.697035083}}, "trial_19": {"trialStart": 2455602.295130333, "stimOnset": {"estimated": 0.5, "true": 0.497006125}, "stimOffset": {"estimated": 0.7, "true": 0.696998875}, "maskOffset": {"estimated": 0.85, "true": 0.846674208}}, "trial_20": {"trialStart": 2455604.678355958, "stimOnset": {"estimated": 0.5, "true": 0.497043958}, "stimOffset": {"estimated": 0.54, "true": 0.547039625}, "maskOffset": {"estimated": 0.69, "true": 0.697075583}}, "trial_21": {"trialStart": 2455607.0541455, "stimOnset": {"estimated": 0.5, "true": 0.504625541}, "stimOffset": {"estimated": 0.54, "true": 0.538019625}, "maskOffset": {"estimated": 0.69, "true": 0.687137041}}, "trial_22": {"trialStart": 2455609.17813675, "stimOnset": {"estimated": 0.5, "true": 0.497296583}, "stimOffset": {"estimated": 0.54, "true": 0.54728175}, "maskOffset": {"estimated": 0.69, "true": 0.697279708}}, "trial_23": {"trialStart": 2455611.278404541, "stimOnset": {"estimated": 0.5, "true": 0.497118459}, "stimOffset": {"estimated": 0.54, "true": 0.547047959}, "maskOffset": {"estimated": 0.69, "true": 0.697045334}}, "trial_24": {"trialStart": 2455613.42827525, "stimOnset": {"estimated": 0.5, "true": 0.49691375}, "stimOffset": {"estimated": 0.7, "true": 0.697207416}, "maskOffset": {"estimated": 0.85, "true": 0.847209708}}, "trial_25": {"trialStart": 2455615.66132475, "stimOnset": {"estimated": 0.5, "true": 0.497395458}, "stimOffset": {"estimated": 0.7, "true": 0.697478291}, "maskOffset": {"estimated": 0.85, "true": 0.84742025}}, "trial_26": {"trialStart": 2455617.861809166, "stimOnset": {"estimated": 0.5, "true": 0.4968595}, "stimOffset": {"estimated": 0.7, "true": 0.69699425}, "maskOffset": {"estimated": 0.85, "true": 0.846990959}}, "trial_27": {"trialStart": 2455620.128500875, "stimOnset": {"estimated": 0.5, "true": 0.497004875}, "stimOffset": {"estimated": 0.54, "true": 0.54702325}, "maskOffset": {"estimated": 0.69, "true": 0.697004916}}, "trial_28": {"trialStart": 2455622.29511775, "stimOnset": {"estimated": 0.5, "true": 0.497057666}, "stimOffset": {"estimated": 0.7, "true": 0.697248916}, "maskOffset": {"estimated": 0.85, "true": 0.847157875}}, "trial_29": {"trialStart": 2455624.544792916, "stimOnset": {"estimated": 0.5, "true": 0.497697542}, "stimOffset": {"estimated": 0.7, "true": 0.697474167}, "maskOffset": {"estimated": 0.85, "true": 0.847814209}}, "trial_30": {"trialStart": 2455626.828391333, "stimOnset": {"estimated": 0.5, "true": 0.497354625}, "stimOffset": {"estimated": 0.7, "true": 0.697288792}, "maskOffset": {"estimated": 0.85, "true": 0.847133833}}, "trial_31": {"trialStart": 2455629.0285625, "stimOnset": {"estimated": 0.5, "true": 0.496860458}, "stimOffset": {"estimated": 0.54, "true": 0.546982125}, "maskOffset": {"estimated": 0.69, "true": 0.69686825}}, "trial_32": {"trialStart": 2455631.228380458, "stimOnset": {"estimated": 0.5, "true": 0.497053667}, "stimOffset": {"estimated": 0.7, "true": 0.696138}, "maskOffset": {"estimated": 0.85, "true": 0.847192292}}, "trial_33": {"trialStart": 2455633.510728125, "stimOnset": {"estimated": 0.5, "true": 0.498064625}, "stimOffset": {"estimated": 0.54, "true": 0.547969}, "maskOffset": {"estimated": 0.69, "true": 0.698246833}}, "trial_34": {"trialStart": 2455635.728923208, "stimOnset": {"estimated": 0.5, "true": 0.496596875}, "stimOffset": {"estimated": 0.54, "true": 0.546517}, "maskOffset": {"estimated": 0.69, "true": 0.69661525}}, "trial_35": {"trialStart": 2455637.8779255, "stimOnset": {"estimated": 0.5, "true": 0.497581666}, "stimOffset": {"estimated": 0.7, "true": 0.697454875}, "maskOffset": {"estimated": 0.85, "true": 0.847243375}}, "trial_36": {"trialStart": 2455640.077980916, "stimOnset": {"estimated": 0.5, "true": 0.497565667}, "stimOffset": {"estimated": 0.54, "true": 0.547551042}, "maskOffset": {"estimated": 0.69, "true": 0.697448209}}, "trial_37": {"trialStart": 2455642.328388083, "stimOnset": {"estimated": 0.5, "true": 0.496995208}, "stimOffset": {"estimated": 0.54, "true": 0.547022875},